{"cameraMode":{"drawMode":0,"name":"Shaded","section":"Shading Mode"},"sceneLighting":true,"audioPlay":false,"sceneViewState":{"showFog":true,"showMaterialUpdate":false,"showSkybox":true,"showFlares":true,"showImageEffects":true,"showParticleSystems":true},"in2DMode":false,"pivot":{"x":0.4294013977050781,"y":-6.716176509857178,"z":36.21270751953125},"rotation":{"x":-0.12884695827960969,"y":-0.03955942392349243,"z":0.005144096910953522,"w":-0.9908624887466431},"size":25.377418518066408,"orthographic":false}